<?xml version="1.0"?>
<!DOCTYPE module PUBLIC
          "-//Checkstyle//DTD Checkstyle Configuration 1.3//EN"
          "https://checkstyle.org/dtds/configuration_1_3.dtd">

<module name="Checker">
    <module name="SuppressWarningsFilter"/>

    <property name="charset" value="UTF-8"/>
    <property name="fileExtensions" value="java, properties, xml"/>

    <module name="BeforeExecutionExclusionFileFilter">
        <property name="fileNamePattern" value="module\-info\.java$"/>
    </module>

    <module name="FileTabCharacter"/>
    <module name="LineLength">
        <property name="fileExtensions" value="java"/>
        <property name="max" value="100"/>
        <property name="ignorePattern"
            value="^package.*|^import.*|href\s*=\s*&quot;[^&quot;]*&quot;|[a-z0-9]+://|^\s+public static final String"/>
    </module>
    <module name="TreeWalker">

        <module name="SuppressionCommentFilter">
            <property name="offCommentFormat" value=" CHECKSTYLE.OFF\: ([\w\|]+)"/>
            <property name="onCommentFormat" value=" CHECKSTYLE.ON\: ([\w\|]+)"/>
            <property name="checkFormat" value="$1"/>
        </module>
        <module name="OuterTypeFilename"/>
        <module name="OneTopLevelClass"/>

        <!-- String Characters -->
        <module name="IllegalTokenText">
            <property name="tokens" value="STRING_LITERAL, CHAR_LITERAL"/>
            <property name="format"
                     value="\\u00(09|0(a|A)|0(c|C)|0(d|D)|22|27|5(C|c))|\\(0(10|11|12|14|15|42|47)|134)"/>
            <property name="message"
                      value="Consider using special escape sequence instead of octal value or Unicode escaped value."/>
        </module>

        <!-- Line breaks -->
        <module name="EmptyLineSeparator">
            <property name="tokens"
                value="PACKAGE_DEF, IMPORT, STATIC_IMPORT, CLASS_DEF, INTERFACE_DEF,
                       ENUM_DEF, STATIC_INIT, INSTANCE_INIT, METHOD_DEF, CTOR_DEF,
                       VARIABLE_DEF, RECORD_DEF, COMPACT_CTOR_DEF"/>
            <property name="allowNoEmptyLineBetweenFields" value="true"/>
        </module>
        <module name="WhitespaceAround">
            <property name="allowEmptyMethods" value="true"/>
            <property name="allowEmptyConstructors" value="true"/>
            <property name="allowEmptyTypes" value="true"/>
        </module>
        <module name="NoLineWrap">
            <property name="tokens" value="PACKAGE_DEF, IMPORT, STATIC_IMPORT"/>
        </module>
        <module name="RightCurly">
            <property name="id" value="RightCurlySame"/>
            <property name="tokens"
                value="LITERAL_TRY, LITERAL_CATCH, LITERAL_FINALLY, LITERAL_IF,
                       LITERAL_ELSE, LITERAL_DO"/>
        </module>
        <module name="OneStatementPerLine"/>

        <!-- Line Lengths and indentation -->
        <module name="Indentation">
            <property name="basicOffset" value="4"/>
            <property name="braceAdjustment" value="4"/>
            <property name="caseIndent" value="4"/>
            <property name="lineWrappingIndentation" value="4"/>
            <property name="throwsIndent" value="4"/>
        </module>

        <!-- Naming Conventions -->
        <module name="PackageName">
            <property name="format" value="^[a-z]+(\.[a-z][a-z0-9]*)*$"/>
            <message key="name.invalidPattern"
                   value="Package name ''{0}'' must match pattern ''{1}''."/>
        </module>
        <module name="TypeName">
            <property name="tokens" value="CLASS_DEF, INTERFACE_DEF, ENUM_DEF,
                          ANNOTATION_DEF, RECORD_DEF"/>
            <message key="name.invalidPattern"
                   value="Type name ''{0}'' must match pattern ''{1}''."/>
        </module>
        <module name="MemberName">
            <property name="format" value="^[a-z][a-z0-9][a-zA-Z0-9]*$"/>
            <message key="name.invalidPattern"
                   value="Member name ''{0}'' must match pattern ''{1}''."/>
        </module>
        <module name="ParameterName">
            <property name="format" value="^[a-z]([a-z0-9][a-zA-Z0-9]*)?$"/>
            <message key="name.invalidPattern"
                   value="Parameter name ''{0}'' must match pattern ''{1}''."/>
        </module>
        <module name="LambdaParameterName">
            <property name="format" value="^[a-z]([a-z0-9][a-zA-Z0-9]*)?$"/>
            <message key="name.invalidPattern"
                   value="Lambda parameter name ''{0}'' must match pattern ''{1}''."/>
        </module>
        <module name="CatchParameterName">
            <property name="format" value="^[a-z]([a-z0-9][a-zA-Z0-9]*)?$"/>
            <message key="name.invalidPattern"
                   value="Catch parameter name ''{0}'' must match pattern ''{1}''."/>
        </module>
        <module name="LocalVariableName">
            <property name="format" value="^[a-z]([a-z0-9][a-zA-Z0-9]*)?$"/>
            <message key="name.invalidPattern"
                   value="Local variable name ''{0}'' must match pattern ''{1}''."/>
        </module>
        <module name="PatternVariableName">
            <property name="format" value="^[a-z]([a-z0-9][a-zA-Z0-9]*)?$"/>
            <message key="name.invalidPattern"
                   value="Pattern variable name ''{0}'' must match pattern ''{1}''."/>
        </module>
        <module name="ClassTypeParameterName">
            <property name="format" value="(^[A-Z][0-9]?)$|([A-Z][a-zA-Z0-9]*[T]$)"/>
            <message key="name.invalidPattern"
                     value="Class type name ''{0}'' must match pattern ''{1}''."/>
        </module>
        <module name="RecordComponentName">
            <property name="format" value="^[a-z]([a-z0-9][a-zA-Z0-9]*)?$"/>
            <message key="name.invalidPattern"
                     value="Record component name ''{0}'' must match pattern ''{1}''."/>
        </module>
        <module name="RecordTypeParameterName">
            <property name="format" value="(^[A-Z][0-9]?)$|([A-Z][a-zA-Z0-9]*[T]$)"/>
            <message key="name.invalidPattern"
                     value="Record type name ''{0}'' must match pattern ''{1}''."/>
        </module>
        <module name="MethodTypeParameterName">
            <property name="format" value="(^[A-Z][0-9]?)$|([A-Z][a-zA-Z0-9]*[T]$)"/>
            <message key="name.invalidPattern"
                   value="Method type name ''{0}'' must match pattern ''{1}''."/>
        </module>
        <module name="InterfaceTypeParameterName">
            <property name="format" value="(^[A-Z][0-9]?)$|([A-Z][a-zA-Z0-9]*[T]$)"/>
            <message key="name.invalidPattern"
                   value="Interface type name ''{0}'' must match pattern ''{1}''."/>
        </module>

        <!-- Code complexity -->
        <module name="BooleanExpressionComplexity">
            <property name="max" value="4"/>
        </module>
        <module name="JavaNCSS">
            <property name="methodMaximum" value="100"/>
        </module>
        <module name="ParameterNumber">
            <property name="max" value="9"/>
            <property name="ignoreOverriddenMethods" value="true"/>
            <message key="max"
                value="Avoid methods with too many parameters (max allowed is {0}).
                       If this is a constructor consider using the Builder Pattern instead"/>
        </module>

        <!-- Code Style -->
        <module name="ArrayTypeStyle"/>
        <module name="ModifierOrder"/>
        <module name="RedundantModifier"/>
        <module name="HideUtilityClassConstructor"/>
        <module name="UnusedImports"/>
        <module name="MultipleStringLiterals"/>
        <module name="MagicNumber"/>
        <module name="UnusedLocalVariable"/>

        <!-- Potential bug rules -->
        <module name="MissingSwitchDefault"/>
        <module name="EqualsHashCode"/>
        <module name="CovariantEquals"/>
        <module name="StringLiteralEquality"/>

        <!-- Minimize style conflicts -->
        <module name="ArrayTrailingComma"/>
        <module name="MultipleVariableDeclarations"/>
        <module name="SeparatorWrap">
            <property name="id" value="commasWrapEol"/>
            <property name="tokens" value="COMMA"/>
            <property name="option" value="eol"/>
        </module>
        <module name="SeparatorWrap">
            <property name="id" value="dotWrapToNL"/>
            <property name="tokens" value="DOT"/>
            <property name="option" value="nl"/>
        </module>

    </module>
</module>
